Wave long;Wave short
;
;
3201.90234;3201.90234
3201.07617;3199.40999236334
3200.25;3196.91764472669
3199.42285;3194.42529709003
3198.59668;3191.93294945338
3197.76953;3189.44060181672
3196.94238;3186.94825418007
3196.11523;3184.45590654341
3195.28809;3181.96355890675
3194.46094;3179.4712112701
3193.63379;3176.97886363344
3192.80566;3174.48651599679
3191.97852;3171.99416836013
3191.15039;3169.50182072348
3190.32227;3167.00947308682
3189.49414;3164.51712545016
3188.66602;3162.02477781351
3187.83789;3159.53243017685
3187.00879;3157.0400825402
3186.18066;3154.54773490354
3185.35156;3152.05538726689
3184.52246;3149.56303963023
3183.69336;3147.07069199357
3182.86426;3144.57834435692
3182.03516;3142.08599672026
3181.20508;3139.59364908361
3180.37598;3137.10130144695
3179.5459;3134.6089538103
3178.71582;3132.11660617364
3177.88574;3129.62425853698
3177.05566;3127.13191090033
3176.22559;3124.63956326367
3175.39551;3122.14721562702
3174.56445;3119.65486799036
3173.7334;3117.16252035371
3172.90332;3114.67017271705
3172.07227;3112.17782508039
3171.24121;3109.68547744374
3170.41016;3107.19312980708
3169.57813;3104.70078217043
3168.74707;3102.20843453377
3167.91504;3099.71608689712
3167.08398;3097.22373926046
3166.25195;3094.7313916238
3165.41992;3092.23904398715
3164.58789;3089.74669635049
3163.75488;3087.25434871384
3162.92285;3084.76200107718
3162.08984;3082.26965344053
3161.25781;3079.77730580387
3160.42481;3077.28495816721
3159.5918;3074.79261053056
3158.75879;3072.3002628939
3157.92578;3069.80791525725
3157.0918;3067.31556762059
3156.25879;3064.82321998394
3155.42481;3062.33087234728
3154.59082;3059.83852471061
3153.75684;3057.34617707397
3152.92285;3054.85382943731
3152.08887;3052.36148180066
3151.25488;3049.869134164
3150.41992;3047.37678652735
3149.58594;3044.88443889069
3148.75098;3042.39209125403
3147.91602;3039.89974361738
3147.08106;3037.40739598072
3146.24609;3034.91504834407
3145.41113;3032.42270070741
3144.5752;3029.93035307076
3143.74023;3027.4380054341
3142.9043;3024.94565779744
3142.06836;3022.45331016079
3141.23242;3019.96096252413
3140.39648;3017.46861488748
3139.56055;3014.97626725082
3138.72363;3012.48391961417
3137.8877;3009.99157197751
3137.05078;3007.49922434085
3136.21387;3005.0068767042
3135.37695;3002.51452906754
3134.54004;3000.02218143089
3133.70313;2997.52983379423
3132.86621;2995.03748615758
3132.02832;2992.54513852092
3131.19141;2990.05279088426
3130.35352;2987.56044324761
3129.51563;2985.06809561095
3128.67773;2982.5757479743
3127.83984;2980.08340033764
3127.00098;2977.59105270099
3126.16309;2975.09870506433
3125.32422;2972.60635742767
3124.48633;2970.11400979102
3123.64746;2967.62166215436
3122.80859;2965.12931451771
3121.96973;2962.63696688105
3121.12988;2960.1446192444
3120.29102;2957.65227160774
3119.45117;2955.15992397108
3118.61231;2952.66757633443
3117.77246;2950.17522869777
3116.93262;2947.68288106112
3116.09277;2945.19053342446
3115.25195;2942.6981857878
3114.41211;2940.20583815115
3113.57129;2937.71349051449
3112.73145;2935.22114287784
3111.89063;2932.72879524118
3111.04981;2930.23644760453
3110.20898;2927.74409996787
3109.36816;2925.25175233121
3108.52637;2922.75940469456
3107.68555;2920.2670570579
3106.84375;2917.77470942125
3106.00195;2915.28236178459
3105.16016;2912.79001414794
3104.31836;2910.29766651128
3103.47656;2907.80531887462
3102.63477;2905.31297123797
3101.79199;2902.82062360131
3100.9502;2900.32827596466
3100.10742;2897.835928328
3099.26465;2895.34358069135
3098.42188;2892.85123305469
3097.5791;2890.35888541803
3096.73633;2887.86653778138
3095.89258;2885.37419014472
3095.04981;2882.88184250807
3094.20606;2880.38949487141
3093.36231;2877.89714723476
3092.51856;2875.4047995981
3091.67481;2872.91245196144
3090.83106;2870.42010432479
3089.98633;2867.92775668813
3089.14258;2865.43540905148
3088.29785;2862.94306141482
3087.45313;2860.45071377817
3086.6084;2857.95836614151
3085.76367;2855.46601850485
3084.91895;2852.9736708682
3084.07324;2850.48132323154
3083.22852;2847.98897559489
3082.38281;2845.49662795823
3081.53711;2843.00428032158
3080.69141;2840.51193268492
3079.8457;2838.01958504826
3079;2835.52723741161
3078.1543;2833.03488977495
3077.30762;2830.5425421383
3076.46094;2828.05019450164
3075.61523;2825.55784686499
3074.76856;2823.06549922833
3073.92188;2820.57315159167
3073.07422;2818.08080395502
3072.22754;2815.58845631836
3071.38086;2813.09610868171
3070.5332;2810.60376104505
3069.68555;2808.1114134084
3068.83789;2805.61906577174
3067.99023;2803.12671813508
3067.14258;2800.63437049843
3066.29492;2798.14202286177
3065.44629;2795.64967522512
3064.59863;2793.15732758846
3063.75;2790.66497995181
3062.90137;2788.17263231515
3062.05273;2785.68028467849
3061.2041;2783.18793704184
3060.35547;2780.69558940518
3059.50586;2778.20324176853
3058.65625;2775.71089413187
3057.80762;2773.21854649522
3056.95801;2770.72619885856
3056.1084;2768.2338512219
3055.25879;2765.74150358525
3054.4082;2763.24915594859
3053.55859;2760.75680831194
3052.70801;2758.26446067528
3051.8584;2755.77211303863
3051.00781;2753.27976540197
3050.15723;2750.78741776531
3049.30664;2748.29507012866
3048.45508;2745.802722492
3047.60449;2743.31037485535
3046.75391;2740.81802721869
3045.90234;2738.32567958204
3045.05078;2735.83333194538
3044.19922;2733.34098430872
3043.34766;2730.84863667207
3042.49609;2728.35628903541
3041.64356;2725.86394139876
3040.79199;2723.3715937621
3039.93945;2720.87924612545
3039.08691;2718.38689848879
3038.23438;2715.89455085213
3037.38184;2713.40220321548
3036.5293;2710.90985557882
3035.67676;2708.41750794217
3034.82324;2705.92516030551
3033.96973;2703.43281266886
3033.11719;2700.9404650322
3032.26367;2698.44811739554
3031.41016;2695.95576975889
3030.55566;2693.46342212223
3029.70215;2690.97107448558
3028.84766;2688.47872684892
3027.99414;2685.98637921227
3027.13965;2683.49403157561
3026.28516;2681.00168393895
3025.43066;2678.5093363023
3024.57617;2676.01698866564
3023.7207;2673.52464102899
3022.86621;2671.03229339233
3022.01074;2668.53994575568
3021.15625;2666.04759811902
3020.30078;2663.55525048236
3019.44531;2661.06290284571
3018.58887;2658.57055520905
3017.7334;2656.0782075724
3016.87793;2653.58585993574
3016.02148;2651.09351229909
3015.16504;2648.60116466243
3014.30859;2646.10881702577
3013.45215;2643.61646938912
3012.5957;2641.12412175246
3011.73926;2638.63177411581
3010.88184;2636.13942647915
3010.02539;2633.6470788425
3009.16797;2631.15473120584
3008.31055;2628.66238356918
3007.45313;2626.17003593253
3006.5957;2623.67768829587
3005.73828;2621.18534065922
3004.87988;2618.69299302256
3004.02148;2616.20064538591
3003.16406;2613.70829774925
3002.30566;2611.21595011259
3001.44727;2608.72360247594
3000.58887;2606.23125483928
2999.72949;2603.73890720263
2998.87109;2601.24655956597
2998.01172;2598.75421192932
2997.15332;2596.26186429266
2996.29395;2593.769516656
2995.43457;2591.27716901935
2994.57422;2588.78482138269
2993.71484;2586.29247374604
2992.85547;2583.80012610938
2991.99512;2581.30777847273
2991.13477;2578.81543083607
2990.27539;2576.32308319941
2989.41504;2573.83073556276
2988.55371;2571.3383879261
2987.69336;2568.84604028945
2986.83301;2566.35369265279
2985.97168;2563.86134501614
2985.11035;2561.36899737948
2984.24902;2558.87664974282
2983.3877;2556.38430210617
2982.52637;2553.89195446951
2981.66504;2551.39960683286
2980.80371;2548.9072591962
2979.94141;2546.41491155955
2979.0791;2543.92256392289
2978.2168;2541.43021628623
2977.35449;2538.93786864958
2976.49219;2536.44552101292
2975.62988;2533.95317337627
2974.76758;2531.46082573961
2973.9043;2528.96847810296
2973.04102;2526.4761304663
2972.17773;2523.98378282964
2971.31445;2521.49143519299
2970.45117;2518.99908755633
2969.58789;2516.50673991968
2968.72461;2514.01439228302
2967.86035;2511.52204464636
2966.99609;2509.02969700971
2966.13184;2506.53734937305
2965.26758;2504.0450017364
2964.40332;2501.55265409974
2963.53906;2499.06030646309
2962.67481;2496.56795882643
2961.80957;2494.07561118977
2960.94434;2491.58326355312
2960.0791;2489.09091591646
2959.21387;2486.59856827981
2958.34863;2484.10622064315
2957.4834;2481.6138730065
2956.61816;2479.12152536984
2955.75195;2476.62917773318
2954.88574;2474.13683009653
2954.01953;2471.64448245987
2953.15332;2469.15213482322
2952.28711;2466.65978718656
2951.4209;2464.16743954991
2950.55469;2461.67509191325
2949.6875;2459.18274427659
2948.82031;2456.69039663994
2947.95313;2454.19804900328
2947.08594;2451.70570136663
2946.21875;2449.21335372997
2945.35156;2446.72100609332
2944.48438;2444.22865845666
2943.61621;2441.73631082
2942.74805;2439.24396318335
2941.87988;2436.75161554669
2941.01172;2434.25926791004
2940.14356;2431.76692027338
2939.27539;2429.27457263673
2938.40625;2426.78222500007
2937.53809;2424.28987736341
2936.66895;2421.79752972676
2935.79981;2419.3051820901
2934.93066;2416.81283445345
2934.06152;2414.32048681679
2933.19238;2411.82813918014
2932.32227;2409.33579154348
2931.45313;2406.84344390682
2930.58301;2404.35109627017
2929.71289;2401.85874863351
2928.84277;2399.36640099686
2927.97266;2396.8740533602
2927.10254;2394.38170572355
2926.23145;2391.88935808689
2925.36133;2389.39701045023
2924.49023;2386.90466281358
2923.61914;2384.41231517692
2922.74805;2381.91996754027
2921.87695;2379.42761990361
2921.00586;2376.93527226696
2920.13379;2374.4429246303
2919.2627;2371.95057699364
2918.39063;2369.45822935699
2917.51856;2366.96588172033
2916.64648;2364.47353408368
2915.77441;2361.98118644702
2914.90137;2359.48883881037
2914.0293;2356.99649117371
2913.15625;2354.50414353705
2912.28418;2352.0117959004
2911.41113;2349.51944826374
2910.53809;2347.02710062709
2909.66406;2344.53475299043
2908.79102;2342.04240535378
2907.91797;2339.55005771712
2907.04395;2337.05771008046
2906.16992;2334.56536244381
2905.2959;2332.07301480715
2904.42188;2329.5806671705
2903.54785;2327.08831953384
2902.67383;2324.59597189719
2901.79883;2322.10362426053
2900.92481;2319.61127662387
2900.04981;2317.11892898722
2899.17481;2314.62658135056
2898.29981;2312.13423371391
2897.42481;2309.64188607725
2896.54883;2307.1495384406
2895.67383;2304.65719080394
2894.79785;2302.16484316728
2893.92188;2299.67249553063
2893.0459;2297.18014789397
2892.16992;2294.68780025732
2891.29395;2292.19545262066
2890.41797;2289.70310498401
2889.54102;2287.21075734735
2888.66504;2284.71840971069
2887.78809;2282.22606207404
2886.91113;2279.73371443738
2886.03418;2277.24136680073
2885.15625;2274.74901916407
2884.2793;2272.25667152742
2883.40234;2269.76432389076
2882.52441;2267.2719762541
2881.64648;2264.77962861745
2880.76856;2262.28728098079
2879.89063;2259.79493334414
2879.0127;2257.30258570748
2878.13379;2254.81023807083
2877.25586;2252.31789043417
2876.37695;2249.82554279751
2875.49805;2247.33319516086
2874.61914;2244.8408475242
2873.74023;2242.34849988755
2872.86133;2239.85615225089
2871.98145;2237.36380461424
2871.10254;2234.87145697758
2870.22266;2232.37910934092
2869.34277;2229.88676170427
2868.46289;2227.39441406761
2867.58301;2224.90206643096
2866.70313;2222.4097187943
2865.82227;2219.91737115765
2864.94238;2217.42502352099
2864.06152;2214.93267588433
2863.18066;2212.44032824768
2862.29981;2209.94798061102
2861.41895;2207.45563297437
2860.53809;2204.96328533771
2859.65625;2202.47093770106
2858.77539;2199.9785900644
2857.89356;2197.48624242774
2857.01172;2194.99389479109
2856.12988;2192.50154715443
2855.24805;2190.00919951778
2854.36523;2187.51685188112
2853.4834;2185.02450424447
2852.60059;2182.53215660781
2851.71875;2180.03980897115
2850.83594;2177.5474613345
2849.95313;2175.05511369784
2849.06934;2172.56276606119
2848.18652;2170.07041842453
2847.30371;2167.57807078788
2846.41992;2165.08572315122
2845.53613;2162.59337551456
2844.65234;2160.10102787791
2843.76856;2157.60868024125
2842.88477;2155.1163326046
2842;2152.62398496794
2841.11621;2150.13163733129
2840.23145;2147.63928969463
2839.34668;2145.14694205797
2838.46191;2142.65459442132
2837.57715;2140.16224678466
2836.69238;2137.66989914801
2835.80762;2135.17755151135
2834.92188;2132.6852038747
2834.03613;2130.19285623804
2833.15137;2127.70050860138
2832.26563;2125.20816096473
2831.37891;2122.71581332807
2830.49316;2120.22346569142
2829.60742;2117.73111805476
2828.7207;2115.23877041811
2827.83398;2112.74642278145
2826.94824;2110.25407514479
2826.06152;2107.76172750814
2825.17383;2105.26937987148
2824.28711;2102.77703223483
2823.40039;2100.28468459817
2822.5127;2097.79233696152
2821.625;2095.29998932486
2820.73731;2092.8076416882
2819.84961;2090.31529405155
2818.96191;2087.82294641489
2818.07422;2085.33059877824
2817.18555;2082.83825114158
2816.29785;2080.34590350492
2815.40918;2077.85355586827
2814.52051;2075.36120823161
2813.63184;2072.86886059496
2812.74316;2070.3765129583
2811.85352;2067.88416532165
2810.96484;2065.39181768499
2810.0752;2062.89947004833
2809.18555;2060.40712241168
2808.2959;2057.91477477502
2807.40625;2055.42242713837
2806.5166;2052.93007950171
2805.62695;2050.43773186506
2804.73633;2047.9453842284
2803.8457;2045.45303659174
2802.95508;2042.96068895509
2802.06445;2040.46834131843
2801.17383;2037.97599368178
2800.2832;2035.48364604512
2799.39258;2032.99129840846
2798.50098;2030.49895077181
2797.60938;2028.00660313515
2796.71777;2025.5142554985
2795.82617;2023.02190786184
2794.93457;2020.52956022518
2794.04297;2018.03721258853
2793.15039;2015.54486495187
2792.25879;2013.05251731522
2791.36621;2010.56016967856
2790.47363;2008.06782204191
2789.58106;2005.57547440525
2788.68848;2003.08312676859
2787.7959;2000.59077913194
2786.90234;1998.09843149528
2786.00879;1995.60608385863
2785.11621;1993.11373622197
2784.22266;1990.62138858531
2783.3291;1988.12904094866
2782.43457;1985.636693312
2781.54102;1983.14434567535
2780.64648;1980.65199803869
2779.75293;1978.15965040203
2778.8584;1975.66730276538
2777.96387;1973.17495512872
2777.06934;1970.68260749207
2776.17383;1968.19025985541
2775.2793;1965.69791221875
2774.38379;1963.2055645821
2773.48926;1960.71321694544
2772.59375;1958.22086930879
2771.69824;1955.72852167213
2770.80273;1953.23617403547
2769.90625;1950.74382639882
2769.01074;1948.25147876216
2768.11426;1945.75913112551
2767.21777;1943.26678348885
2766.32129;1940.77443585219
2765.42481;1938.28208821554
2764.52832;1935.78974057888
2763.63184;1933.29739294223
2762.73438;1930.80504530557
2761.83789;1928.31269766891
2760.94043;1925.82035003226
2760.04297;1923.3280023956
2759.14551;1920.83565475895
2758.24805;1918.34330712229
2757.34961;1915.85095948564
2756.45215;1913.35861184898
2755.55371;1910.86626421232
2754.65527;1908.37391657567
2753.75684;1905.88156893901
2752.8584;1903.38922130236
2751.95996;1900.8968736657
2751.06055;1898.40452602904
2750.16211;1895.91217839239
2749.2627;1893.41983075573
2748.36328;1890.92748311908
2747.46387;1888.43513548242
2746.56445;1885.94278784576
2745.66406;1883.45044020911
2744.76465;1880.95809257245
2743.86426;1878.4657449358
2742.96387;1875.97339729914
2742.06445;1873.48104966248
2741.16309;1870.98870202583
2740.2627;1868.49635438917
2739.36231;1866.00400675252
2738.46094;1863.51165911586
2737.56055;1861.0193114792
2736.65918;1858.52696384255
2735.75781;1856.03461620589
2734.85645;1853.54226856924
2733.9541;1851.04992093258
2733.05273;1848.55757329592
2732.15039;1846.06522565927
2731.24902;1843.57287802261
2730.34668;1841.08053038596
2729.44434;1838.5881827493
2728.54199;1836.09583511264
2727.63867;1833.60348747599
2726.73633;1831.11113983933
2725.83301;1828.61879220268
2724.92969;1826.12644456602
2724.02637;1823.63409692936
2723.12305;1821.14174929271
2722.21973;1818.64940165605
2721.31641;1816.1570540194
2720.41211;1813.66470638274
2719.50781;1811.17235874609
2718.60449;1808.68001110943
2717.7002;1806.18766347277
2716.7959;1803.69531583612
2715.89063;1801.20296819946
2714.98633;1798.71062056281
2714.08106;1796.21827292615
2713.17578;1793.72592528949
2712.27148;1791.23357765284
2711.36621;1788.74123001618
2710.45996;1786.24888237953
2709.55469;1783.75653474287
2708.64941;1781.26418710621
2707.74316;1778.77183946956
2706.83691;1776.2794918329
2705.93066;1773.78714419625
2705.02441;1771.29479655959
2704.11816;1768.80244892293
2703.21191;1766.31010128628
2702.30469;1763.81775364962
2701.39746;1761.32540601297
2700.49023;1758.83305837631
2699.58301;1756.34071073965
2698.67578;1753.848363103
2697.76856;1751.35601546634
2696.86133;1748.86366782969
2695.95313;1746.37132019303
2695.04492;1743.87897255637
2694.13672;1741.38662491972
2693.22852;1738.89427728306
2692.32031;1736.40192964641
2691.41211;1733.90958200975
2690.50293;1731.41723437309
2689.59473;1728.92488673644
2688.68555;1726.43253909978
2687.77637;1723.94019146313
2686.86719;1721.44784382647
2685.95801;1718.95549618981
2685.04785;1716.46314855316
2684.13867;1713.9708009165
2683.22852;1711.47845327985
2682.31836;1708.98610564319
2681.4082;1706.49375800654
2680.49805;1704.00141036988
2679.58789;1701.50906273322
2678.67676;1699.01671509657
2677.7666;1696.52436745991
2676.85547;1694.03201982326
2675.94434;1691.5396721866
2675.0332;1689.04732454994
2674.12207;1686.55497691329
2673.20996;1684.06262927663
2672.29883;1681.57028163998
2671.38672;1679.07793400332
2670.47461;1676.58558636666
2669.5625;1674.09323873001
2668.65039;1671.60089109335
2667.73828;1669.1085434567
2666.8252;1666.61619582004
2665.91309;1664.12384818338
2665;1661.63150054673
2664.08691;1659.13915291007
2663.17383;1656.64680527342
2662.26074;1654.15445763676
2661.34766;1651.6621100001
2660.43359;1649.16976236345
2659.52051;1646.67741472679
2658.60645;1644.18506709014
2657.69238;1641.69271945348
2656.77832;1639.20037181682
2655.86426;1636.70802418017
2654.94922;1634.21567654351
2654.03516;1631.72332890686
2653.12012;1629.2309812702
2652.20508;1626.73863363354
2651.29004;1624.24628599689
2650.375;1621.75393836023
2649.45996;1619.26159072358
2648.54395;1616.76924308692
2647.62793;1614.27689545027
2646.71289;1611.78454781361
2645.79688;1609.29220017695
2644.88086;1606.7998525403
2643.96387;1604.30750490364
2643.04785;1601.81515726699
2642.13184;1599.32280963033
2641.21484;1596.83046199367
2640.29785;1594.33811435702
2639.38086;1591.84576672036
2638.46387;1589.35341908371
2637.54688;1586.86107144705
2636.62891;1584.36872381039
2635.71191;1581.87637617374
2634.79395;1579.38402853708
2633.87598;1576.89168090043
2632.95801;1574.39933326377
2632.04004;1571.90698562711
2631.12109;1569.41463799046
2630.20313;1566.9222903538
2629.28418;1564.42994271715
2628.36523;1561.93759508049
2627.44629;1559.44524744383
2626.52734;1556.95289980718
2625.6084;1554.46055217052
2624.68945;1551.96820453387
2623.76953;1549.47585689721
2622.84961;1546.98350926055
2621.92969;1544.4911616239
2621.00977;1541.99881398724
2620.08984;1539.50646635059
2619.16992;1537.01411871393
2618.24902;1534.52177107727
2617.3291;1532.02942344062
2616.4082;1529.53707580396
2615.48731;1527.04472816731
2614.56641;1524.55238053065
2613.64453;1522.06003289399
2612.72363;1519.56768525734
2611.80176;1517.07533762068
2610.88086;1514.58298998403
2609.95898;1512.09064234737
2609.03711;1509.59829471072
2608.11523;1507.10594707406
2607.19238;1504.6135994374
2606.27051;1502.12125180075
2605.34766;1499.62890416409
2604.42481;1497.13655652744
2603.50195;1494.64420889078
2602.5791;1492.15186125412
2601.65625;1489.65951361747
2600.7334;1487.16716598081
2599.80957;1484.67481834416
2598.88574;1482.1824707075
2597.96191;1479.69012307084
2597.03809;1477.19777543419
2596.11426;1474.70542779753
2595.19043;1472.21308016088
2594.26563;1469.72073252422
2593.3418;1467.22838488756
2592.41699;1464.73603725091
2591.49219;1462.24368961425
2590.56738;1459.7513419776
2589.64258;1457.25899434094
2588.7168;1454.76664670428
2587.79199;1452.27429906763
2586.86621;1449.78195143097
2585.94043;1447.28960379432
2585.01465;1444.79725615766
2584.08887;1442.304908521
2583.16309;1439.81256088435
2582.23633;1437.32021324769
2581.30957;1434.82786561104
2580.38379;1432.33551797438
2579.45703;1429.84317033772
2578.53027;1427.35082270107
2577.60254;1424.85847506441
2576.67578;1422.36612742776
2575.74805;1419.8737797911
2574.82129;1417.38143215445
2573.89356;1414.88908451779
2572.96582;1412.39673688113
2572.03711;1409.90438924448
2571.10938;1407.41204160782
2570.18164;1404.91969397117
2569.25293;1402.42734633451
2568.32422;1399.93499869785
2567.39551;1397.4426510612
2566.4668;1394.95030342454
2565.53809;1392.45795578789
2564.6084;1389.96560815123
2563.67969;1387.47326051457
2562.75;1384.98091287792
2561.82031;1382.48856524126
2560.89063;1379.99621760461
2559.96094;1377.50386996795
2559.03125;1375.01152233129
2558.10059;1372.51917469464
2557.16992;1370.02682705798
2556.24023;1367.53447942133
2555.30957;1365.04213178467
2554.37793;1362.54978414801
2553.44727;1360.05743651136
2552.5166;1357.5650888747
2551.58496;1355.07274123805
2550.65332;1352.58039360139
2549.72168;1350.08804596473
2548.79004;1347.59569832808
2547.8584;1345.10335069142
2546.92676;1342.61100305477
2545.99414;1340.11865541811
2545.0625;1337.62630778145
2544.12988;1335.1339601448
2543.19727;1332.64161250814
2542.26465;1330.14926487149
2541.33106;1327.65691723483
2540.39844;1325.16456959817
2539.46484;1322.67222196152
2538.53125;1320.17987432486
2537.59863;1317.68752668821
2536.66406;1315.19517905155
2535.73047;1312.7028314149
2534.79688;1310.21048377824
2533.86231;1307.71813614158
2532.92871;1305.22578850493
2531.99414;1302.73344086827
2531.05957;1300.24109323162
2530.125;1297.74874559496
2529.18945;1295.2563979583
2528.25488;1292.76405032165
2527.31934;1290.27170268499
2526.38379;1287.77935504834
2525.44824;1285.28700741168
2524.5127;1282.79465977502
2523.57715;1280.30231213837
2522.6416;1277.80996450171
2521.70508;1275.31761686506
2520.76856;1272.8252692284
2519.83203;1270.33292159174
2518.89551;1267.84057395509
2517.95898;1265.34822631843
2517.02246;1262.85587868178
2516.08496;1260.36353104512
2515.14844;1257.87118340846
2514.21094;1255.37883577181
2513.27344;1252.88648813515
2512.33594;1250.3941404985
2511.39746;1247.90179286184
2510.45996;1245.40944522518
2509.52148;1242.91709758853
2508.58398;1240.42474995187
2507.64551;1237.93240231522
2506.70703;1235.44005467856
2505.76758;1232.9477070419
2504.8291;1230.45535940525
2503.88965;1227.96301176859
2502.95117;1225.47066413194
2502.01172;1222.97831649528
2501.07227;1220.48596885863
2500.13281;1217.99362122197
2499.19238;1215.50127358531
2498.25293;1213.00892594866
2497.3125;1210.516578312
2496.37207;1208.02423067535
2495.43164;1205.53188303869
2494.49121;1203.03953540203
2493.55078;1200.54718776538
2492.61035;1198.05484012872
2491.66895;1195.56249249207
2490.72754;1193.07014485541
2489.78613;1190.57779721875
2488.84473;1188.0854495821
2487.90332;1185.59310194544
2486.96191;1183.10075430879
2486.01953;1180.60840667213
2485.07813;1178.11605903547
2484.13574;1175.62371139882
2483.19336;1173.13136376216
2482.25098;1170.63901612551
2481.30762;1168.14666848885
2480.36523;1165.65432085219
2479.42188;1163.16197321554
2478.47852;1160.66962557888
2477.53613;1158.17727794223
2476.5918;1155.68493030557
2475.64844;1153.19258266891
2474.70508;1150.70023503226
2473.76074;1148.2078873956
2472.81641;1145.71553975895
2471.87305;1143.22319212229
2470.92871;1140.73084448563
2469.9834;1138.23849684898
2469.03906;1135.74614921232
2468.09375;1133.25380157567
2467.14941;1130.76145393901
2466.2041;1128.26910630235
2465.25879;1125.7767586657
2464.31348;1123.28441102904
2463.36816;1120.79206339239
2462.42188;1118.29971575573
2461.47559;1115.80736811908
2460.53027;1113.31502048242
2459.58398;1110.82267284576
2458.6377;1108.33032520911
2457.69043;1105.83797757245
2456.74414;1103.3456299358
2455.79688;1100.85328229914
2454.85059;1098.36093466248
2453.90332;1095.86858702583
2452.95606;1093.37623938917
2452.00879;1090.88389175252
2451.06055;1088.39154411586
2450.11328;1085.8991964792
2449.16504;1083.40684884255
2448.2168;1080.91450120589
2447.26856;1078.42215356924
2446.32031;1075.92980593258
2445.37207;1073.43745829592
2444.42285;1070.94511065927
2443.47461;1068.45276302261
2442.52539;1065.96041538596
2441.57617;1063.4680677493
2440.62695;1060.97572011264
2439.67773;1058.48337247599
2438.72754;1055.99102483933
2437.77832;1053.49867720268
2436.82813;1051.00632956602
2435.87793;1048.51398192936
2434.92773;1046.02163429271
2433.97754;1043.52928665605
2433.02637;1041.0369390194
2432.07617;1038.54459138274
2431.125;1036.05224374608
2430.17383;1033.55989610943
2429.22266;1031.06754847277
2428.27148;1028.57520083612
2427.32031;1026.08285319946
2426.36816;1023.5905055628
2425.41699;1021.09815792615
2424.46484;1018.60581028949
2423.5127;1016.11346265284
2422.56055;1013.62111501618
2421.60742;1011.12876737953
2420.65527;1008.63641974287
2419.70215;1006.14407210621
2418.75;1003.65172446956
2417.79688;1001.1593768329
2416.84375;998.667029196245
2415.88965;996.17468155959
2414.93652;993.682333922934
2413.98242;991.189986286278
2413.0293;988.697638649622
2412.0752;986.205291012966
2411.12109;983.71294337631
2410.16699;981.220595739654
2409.21191;978.728248102998
2408.25781;976.235900466342
2407.30273;973.743552829686
2406.34766;971.25120519303
2405.39258;968.758857556374
2404.4375;966.266509919718
2403.48242;963.774162283062
2402.52637;961.281814646406
2401.57129;958.78946700975
2400.61523;956.297119373094
2399.65918;953.804771736438
2398.70313;951.312424099782
2397.74609;948.820076463126
2396.79102;946.327728826471
2395.83398;943.835381189815
2394.87695;941.343033553159
2393.91992;938.850685916503
2392.96289;936.358338279847
2392.00586;933.865990643191
2391.04883;931.373643006535
2390.08984;928.881295369879
2389.13281;926.388947733223
2388.17578;923.896600096567
2387.2168;921.404252459911
2386.25781;918.911904823255
2385.30078;916.419557186599
2384.3418;913.927209549943
2383.38281;911.434861913287
2382.42383;908.942514276631
2381.46484;906.450166639975
2380.50586;903.957819003319
2379.54688;901.465471366663
2378.58789;898.973123730008
2377.62891;896.480776093352
2376.66797;893.988428456696
2375.70898;891.49608082004
2374.74805;889.003733183384
2373.78711;886.511385546728
2372.82813;884.019037910072
2371.86719;881.526690273416
2370.90625;879.03434263676
2369.94531;876.541995000104
2368.98438;874.049647363448
2368.02344;871.557299726792
2367.0625;869.064952090136
2366.09961;866.57260445348
2365.13867;864.080256816824
2364.17773;861.587909180168
2363.21484;859.095561543512
2362.25391;856.603213906856
2361.29102;854.1108662702
2360.32813;851.618518633544
2359.36523;849.126170996889
2358.40234;846.633823360233
2357.43945;844.141475723577
2356.47656;841.649128086921
2355.51367;839.156780450265
2354.55078;836.664432813609
2353.58594;834.172085176953
2352.62305;831.679737540297
2351.66016;829.187389903641
2350.69531;826.695042266985
2349.73047;824.202694630329
2348.76758;821.710346993673
2347.80273;819.217999357017
2346.83789;816.725651720361
2345.87305;814.233304083705
2344.9082;811.740956447049
2343.94336;809.248608810393
2342.97852;806.756261173737
2342.01172;804.263913537081
2341.04688;801.771565900425
2340.08008;799.27921826377
2339.11523;796.786870627114
2338.14844;794.294522990458
2337.18359;791.802175353802
2336.2168;789.309827717146
2335.25;786.81748008049
2334.2832;784.325132443834
2333.31641;781.832784807178
2332.34961;779.340437170522
2331.38281;776.848089533866
2330.41406;774.35574189721
2329.44727;771.863394260554
2328.48047;769.371046623898
2327.51172;766.878698987242
2326.54492;764.386351350586
2325.57617;761.89400371393
2324.60742;759.401656077274
2323.63867;756.909308440618
2322.66992;754.416960803962
2321.70117;751.924613167306
2320.73242;749.432265530651
2319.76367;746.939917893995
2318.79492;744.447570257339
2317.82617;741.955222620683
2316.85547;739.462874984027
2315.88672;736.970527347371
2314.91602;734.478179710715
2313.94531;731.985832074059
2312.97656;729.493484437403
2312.00586;727.001136800747
2311.03516;724.508789164091
2310.06445;722.016441527435
2309.09375;719.524093890779
2308.12305;717.031746254123
2307.15234;714.539398617467
2306.17969;712.047050980811
2305.20898;709.554703344155
2304.23828;707.062355707499
2303.26563;704.570008070843
2302.29297;702.077660434187
2301.32227;699.585312797532
2300.34961;697.092965160876
2299.37695;694.60061752422
2298.4043;692.108269887564
2297.43164;689.615922250908
2296.45898;687.123574614252
2295.48633;684.631226977596
2294.51172;682.13887934094
2293.53906;679.646531704284
2292.56641;677.154184067628
2291.5918;674.661836430972
2290.61914;672.169488794316
2289.64453;669.67714115766
2288.66992;667.184793521004
2287.69531;664.692445884348
2286.7207;662.200098247692
2285.74609;659.707750611036
2284.77148;657.21540297438
2283.79688;654.723055337724
2282.82227;652.230707701068
2281.8457;649.738360064413
2280.87109;647.246012427757
2279.89648;644.753664791101
2278.91992;642.261317154445
2277.94336;639.768969517789
2276.96875;637.276621881133
2275.99219;634.784274244477
2275.01563;632.291926607821
2274.03906;629.799578971165
2273.0625;627.307231334509
2272.08594;624.814883697853
2271.10742;622.322536061197
2270.13086;619.830188424541
2269.1543;617.337840787885
2268.17578;614.845493151229
2267.19922;612.353145514573
2266.2207;609.860797877917
2265.24219;607.368450241261
2264.26367;604.876102604605
2263.28516;602.383754967949
2262.30664;599.891407331294
2261.32813;597.399059694638
2260.34961;594.906712057982
2259.37109;592.414364421326
2258.39258;589.92201678467
2257.41211;587.429669148014
2256.43359;584.937321511358
2255.45313;582.444973874702
2254.47461;579.952626238046
2253.49414;577.46027860139
2252.51367;574.967930964734
2251.5332;572.475583328078
2250.55273;569.983235691422
2249.57227;567.490888054766
2248.5918;564.99854041811
2247.61133;562.506192781454
2246.63086;560.013845144798
2245.64844;557.521497508142
2244.66797;555.029149871486
2243.68555;552.53680223483
2242.70508;550.044454598175
2241.72266;547.552106961519
2240.74023;545.059759324863
2239.75781;542.567411688207
2238.77539;540.075064051551
2237.79297;537.582716414895
2236.81055;535.090368778239
2235.82813;532.598021141583
2234.8457;530.105673504927
2233.86133;527.613325868271
2232.87891;525.120978231615
2231.89453;522.628630594959
2230.91211;520.136282958303
2229.92773;517.643935321647
2228.94336;515.151587684991
2227.95898;512.659240048335
2226.97656;510.166892411679
2225.99219;507.674544775023
2225.00586;505.182197138367
2224.02148;502.689849501711
2223.03711;500.197501865056
2222.05273;497.7051542284
2221.06641;495.212806591744
2220.08203;492.720458955088
2219.0957;490.228111318432
2218.10938;487.735763681776
2217.125;485.24341604512
2216.13867;482.751068408464
2215.15234;480.258720771808
2214.16602;477.766373135152
2213.17969;475.274025498496
2212.19141;472.78167786184
2211.20508;470.289330225184
2210.21875;467.796982588528
2209.23047;465.304634951872
2208.24414;462.812287315216
2207.25586;460.31993967856
2206.26953;457.827592041904
2205.28125;455.335244405248
2204.29297;452.842896768592
2203.30469;450.350549131937
2202.31641;447.858201495281
2201.32813;445.365853858625
2200.33984;442.873506221969
2199.35156;440.381158585313
2198.36133;437.888810948657
2197.37305;435.396463312001
2196.38281;432.904115675345
2195.39453;430.411768038689
2194.4043;427.919420402033
2193.41406;425.427072765377
2192.42383;422.934725128721
2191.43359;420.442377492065
2190.44336;417.950029855409
2189.45313;415.457682218753
2188.46289;412.965334582097
2187.47266;410.472986945441
2186.48242;407.980639308785
2185.49023;405.488291672129
2184.5;402.995944035473
2183.50781;400.503596398818
2182.51563;398.011248762162
2181.52539;395.518901125506
2180.5332;393.02655348885
2179.54102;390.534205852194
2178.54883;388.041858215538
2177.55664;385.549510578882
2176.56445;383.057162942226
2175.57031;380.56481530557
2174.57813;378.072467668914
2173.58398;375.580120032258
2172.5918;373.087772395602
2171.59766;370.595424758946
2170.60547;368.10307712229
2169.61133;365.610729485634
2168.61719;363.118381848978
2167.62305;360.626034212322
2166.62891;358.133686575666
2165.63477;355.64133893901
2164.64063;353.148991302354
2163.64648;350.656643665699
2162.65039;348.164296029043
2161.65625;345.671948392387
2160.66016;343.179600755731
2159.66602;340.687253119075
2158.66992;338.194905482419
2157.67383;335.702557845763
2156.67773;333.210210209107
2155.68164;330.717862572451
2154.68555;328.225514935795
2153.68945;325.733167299139
2152.69336;323.240819662483
2151.69727;320.748472025827
2150.70117;318.256124389171
2149.70313;315.763776752515
2148.70703;313.271429115859
2147.70898;310.779081479203
2146.71094;308.286733842547
2145.71289;305.794386205891
2144.7168;303.302038569235
2143.71875;300.80969093258
2142.7207;298.317343295924
2141.72266;295.824995659268
2140.72266;293.332648022612
2139.72461;290.840300385956
2138.72656;288.3479527493
2137.72656;285.855605112644
2136.72852;283.363257475988
2135.72852;280.870909839332
2134.72852;278.378562202676
2133.73047;275.88621456602
2132.73047;273.393866929364
2131.73047;270.901519292708
2130.73047;268.409171656052
2129.73047;265.916824019396
2128.72852;263.42447638274
2127.72852;260.932128746084
2126.72852;258.439781109428
2125.72656;255.947433472772
2124.72656;253.455085836116
2123.72461;250.962738199461
2122.72266;248.470390562805
2121.72266;245.978042926149
2120.7207;243.485695289493
2119.71875;240.993347652837
2118.7168;238.501000016181
2117.71484;236.008652379525
2116.71094;233.516304742869
2115.70898;231.023957106213
2114.70703;228.531609469557
2113.70313;226.039261832901
2112.70117;223.546914196245
2111.69727;221.054566559589
2110.69336;218.562218922933
2109.69141;216.069871286277
2108.6875;213.577523649621
2107.68359;211.085176012965
2106.67969;208.592828376309
2105.67383;206.100480739653
2104.66992;203.608133102997
2103.66602;201.115785466342
2102.66211;198.623437829686
2101.65625;196.13109019303
2100.65039;193.638742556374
2099.64648;191.146394919718
2098.64063;188.654047283062
2097.63477;186.161699646406
2096.62891;183.66935200975
2095.62305;181.177004373094
2094.61719;178.684656736438
2093.61133;176.192309099782
2092.60547;173.699961463126
2091.59961;171.20761382647
2090.5918;168.715266189814
2089.58594;166.222918553158
2088.57813;163.730570916502
2087.57031;161.238223279846
2086.56445;158.74587564319
2085.55664;156.253528006534
2084.54883;153.761180369879
2083.54102;151.268832733223
2082.5332;148.776485096567
2081.52539;146.284137459911
2080.51563;143.791789823255
2079.50781;141.299442186599
2078.49805;138.807094549943
2077.49023;136.314746913287
2076.48047;133.822399276631
2075.47266;131.330051639975
2074.46289;128.837704003319
2073.45313;126.345356366663
2072.44336;123.853008730007
2071.43359;121.360661093351
2070.42383;118.868313456695
2069.41406;116.375965820039
2068.40234;113.883618183383
2067.39258;111.391270546727
2066.38281;108.898922910071
2065.37109;106.406575273415
2064.35938;103.91422763676
2063.34961;101.42188
2062.33789;
2061.32617;
2060.31445;
2059.30273;
2058.29102;
2057.2793;
2056.26563;
2055.25391;
2054.24023;
2053.22852;
2052.21484;
2051.20117;
2050.18945;
2049.17578;
2048.16211;
2047.14844;
2046.13281;
2045.11914;
2044.10547;
2043.08984;
2042.07617;
2041.06055;
2040.04688;
2039.03125;
2038.01563;
2037;
2035.98438;
2034.96875;
2033.95313;
2032.93555;
2031.91992;
2030.9043;
2029.88672;
2028.87109;
2027.85352;
2026.83594;
2025.81836;
2024.80078;
2023.7832;
2022.76563;
2021.74805;
2020.72852;
2019.71094;
2018.69336;
2017.67383;
2016.6543;
2015.63672;
2014.61719;
2013.59766;
2012.57813;
2011.55859;
2010.53906;
2009.51758;
2008.49805;
2007.47656;
2006.45703;
2005.43555;
2004.41602;
2003.39453;
2002.37305;
2001.35156;
2000.33008;
1999.30859;
1998.28711;
1997.26367;
1996.24219;
1995.2207;
1994.19727;
1993.17383;
1992.15234;
1991.12891;
1990.10547;
1989.08203;
1988.05859;
1987.03516;
1986.00977;
1984.98633;
1983.96289;
1982.9375;
1981.91406;
1980.88867;
1979.86328;
1978.83789;
1977.8125;
1976.78711;
1975.76172;
1974.73633;
1973.71094;
1972.68359;
1971.6582;
1970.63086;
1969.60547;
1968.57813;
1967.55078;
1966.52344;
1965.49609;
1964.46875;
1963.44141;
1962.41406;
1961.38477;
1960.35742;
1959.33008;
1958.30078;
1957.27148;
1956.24219;
1955.21484;
1954.18555;
1953.15625;
1952.12695;
1951.0957;
1950.06641;
1949.03711;
1948.00586;
1946.97656;
1945.94531;
1944.91406;
1943.88281;
1942.85352;
1941.82227;
1940.79102;
1939.75781;
1938.72656;
1937.69531;
1936.66211;
1935.63086;
1934.59766;
1933.56641;
1932.5332;
1931.5;
1930.4668;
1929.43359;
1928.40039;
1927.36719;
1926.33203;
1925.29883;
1924.26367;
1923.23047;
1922.19531;
1921.16016;
1920.12695;
1919.0918;
1918.05664;
1917.02148;
1915.98438;
1914.94922;
1913.91406;
1912.87695;
1911.8418;
1910.80469;
1909.76953;
1908.73242;
1907.69531;
1906.6582;
1905.62109;
1904.58398;
1903.54492;
1902.50781;
1901.4707;
1900.43164;
1899.39453;
1898.35547;
1897.31641;
1896.27734;
1895.23828;
1894.19922;
1893.16016;
1892.12109;
1891.08203;
1890.04102;
1889.00195;
1887.96094;
1886.92188;
1885.88086;
1884.83984;
1883.79883;
1882.75781;
1881.7168;
1880.67578;
1879.63477;
1878.59375;
1877.55078;
1876.50977;
1875.4668;
1874.42383;
1873.38086;
1872.33984;
1871.29688;
1870.25391;
1869.20898;
1868.16602;
1867.12305;
1866.07813;
1865.03516;
1863.99023;
1862.94727;
1861.90234;
1860.85742;
1859.8125;
1858.76758;
1857.72266;
1856.67773;
1855.63086;
1854.58594;
1853.54102;
1852.49414;
1851.44727;
1850.40234;
1849.35547;
1848.30859;
1847.26172;
1846.21484;
1845.16797;
1844.11914;
1843.07227;
1842.02539;
1840.97656;
1839.92773;
1838.88086;
1837.83203;
1836.7832;
1835.73438;
1834.68555;
1833.63672;
1832.58594;
1831.53711;
1830.48828;
1829.4375;
1828.38867;
1827.33789;
1826.28711;
1825.23633;
1824.18555;
1823.13477;
1822.08398;
1821.0332;
1819.98047;
1818.92969;
1817.87891;
1816.82617;
1815.77344;
1814.7207;
1813.66992;
1812.61719;
1811.56445;
1810.51172;
1809.45703;
1808.4043;
1807.35156;
1806.29688;
1805.24414;
1804.18945;
1803.13477;
1802.08008;
1801.02539;
1799.9707;
1798.91602;
1797.86133;
1796.80664;
1795.75;
1794.69531;
1793.63867;
1792.58398;
1791.52734;
1790.4707;
1789.41406;
1788.35742;
1787.30078;
1786.24414;
1785.18555;
1784.12891;
1783.07227;
1782.01367;
1780.95508;
1779.89844;
1778.83984;
1777.78125;
1776.72266;
1775.66406;
1774.60547;
1773.54492;
1772.48633;
1771.42773;
1770.36719;
1769.30664;
1768.24805;
1767.1875;
1766.12695;
1765.06641;
1764.00586;
1762.94531;
1761.88281;
1760.82227;
1759.76172;
1758.69922;
1757.63672;
1756.57617;
1755.51367;
1754.45117;
1753.38867;
1752.32617;
1751.26367;
1750.20117;
1749.13672;
1748.07422;
1747.00977;
1745.94727;
1744.88281;
1743.81836;
1742.75391;
1741.68945;
1740.625;
1739.56055;
1738.49609;
1737.42969;
1736.36523;
1735.29883;
1734.23438;
1733.16797;
1732.10156;
1731.03516;
1729.96875;
1728.90234;
1727.83594;
1726.76953;
1725.70117;
1724.63477;
1723.56641;
1722.5;
1721.43164;
1720.36328;
1719.29492;
1718.22656;
1717.1582;
1716.08984;
1715.02148;
1713.95313;
1712.88281;
1711.81445;
1710.74414;
1709.67383;
1708.60352;
1707.53516;
1706.46484;
1705.39258;
1704.32227;
1703.25195;
1702.18164;
1701.10938;
1700.03906;
1698.9668;
1697.89453;
1696.82422;
1695.75195;
1694.67969;
1693.60742;
1692.5332;
1691.46094;
1690.38867;
1689.31445;
1688.24219;
1687.16797;
1686.09375;
1685.02148;
1683.94727;
1682.87305;
1681.79688;
1680.72266;
1679.64844;
1678.57422;
1677.49805;
1676.42383;
1675.34766;
1674.27148;
1673.19531;
1672.11914;
1671.04297;
1669.9668;
1668.89063;
1667.81445;
1666.73828;
1665.66016;
1664.58203;
1663.50586;
1662.42773;
1661.34961;
1660.27148;
1659.19336;
1658.11523;
1657.03711;
1655.95898;
1654.87891;
1653.80078;
1652.7207;
1651.64063;
1650.5625;
1649.48242;
1648.40234;
1647.32227;
1646.24219;
1645.16016;
1644.08008;
1643;
1641.91797;
1640.83789;
1639.75586;
1638.67383;
1637.5918;
1636.50977;
1635.42773;
1634.3457;
1633.26367;
1632.18164;
1631.09766;
1630.01563;
1628.93164;
1627.84766;
1626.76563;
1625.68164;
1624.59766;
1623.51367;
1622.42773;
1621.34375;
1620.25977;
1619.17383;
1618.08984;
1617.00391;
1615.91797;
1614.83398;
1613.74805;
1612.66211;
1611.57617;
1610.48828;
1609.40234;
1608.31641;
1607.22852;
1606.14258;
1605.05469;
1603.9668;
1602.87891;
1601.79102;
1600.70313;
1599.61523;
1598.52734;
1597.43945;
1596.34961;
1595.26172;
1594.17188;
1593.08398;
1591.99414;
1590.9043;
1589.81445;
1588.72461;
1587.63477;
1586.54492;
1585.45313;
1584.36328;
1583.27148;
1582.18164;
1581.08984;
1579.99805;
1578.90625;
1577.81445;
1576.72266;
1575.63086;
1574.53906;
1573.44531;
1572.35352;
1571.25977;
1570.16797;
1569.07422;
1567.98047;
1566.88672;
1565.79297;
1564.69922;
1563.60547;
1562.51172;
1561.41602;
1560.32227;
1559.22656;
1558.13086;
1557.03711;
1555.94141;
1554.8457;
1553.75;
1552.6543;
1551.55664;
1550.46094;
1549.36523;
1548.26758;
1547.17188;
1546.07422;
1544.97656;
1543.87891;
1542.78125;
1541.68359;
1540.58594;
1539.48828;
1538.38867;
1537.29102;
1536.19141;
1535.09375;
1533.99414;
1532.89453;
1531.79492;
1530.69531;
1529.5957;
1528.49609;
1527.39453;
1526.29492;
1525.19336;
1524.09375;
1522.99219;
1521.89063;
1520.78906;
1519.68945;
1518.58594;
1517.48438;
1516.38281;
1515.28125;
1514.17773;
1513.07617;
1511.97266;
1510.86914;
1509.76563;
1508.66406;
1507.56055;
1506.45508;
1505.35156;
1504.24805;
1503.14453;
1502.03906;
1500.93359;
1499.83008;
1498.72461;
1497.61914;
1496.51367;
1495.4082;
1494.30273;
1493.19727;
1492.08984;
1490.98438;
1489.87695;
1488.77148;
1487.66406;
1486.55664;
1485.44922;
1484.3418;
1483.23438;
1482.12695;
1481.01953;
1479.91016;
1478.80273;
1477.69336;
1476.58594;
1475.47656;
1474.36719;
1473.25781;
1472.14844;
1471.03906;
1469.92969;
1468.81836;
1467.70898;
1466.59766;
1465.48828;
1464.37695;
1463.26563;
1462.1543;
1461.04297;
1459.93164;
1458.82031;
1457.70703;
1456.5957;
1455.48438;
1454.37109;
1453.25781;
1452.14648;
1451.0332;
1449.91992;
1448.80664;
1447.69141;
1446.57813;
1445.46484;
1444.34961;
1443.23633;
1442.12109;
1441.00586;
1439.89258;
1438.77734;
1437.66211;
1436.54688;
1435.42969;
1434.31445;
1433.19922;
1432.08203;
1430.9668;
1429.84961;
1428.73242;
1427.61523;
1426.49805;
1425.38086;
1424.26367;
1423.14648;
1422.02734;
1420.91016;
1419.79102;
1418.67383;
1417.55469;
1416.43555;
1415.31641;
1414.19727;
1413.07813;
1411.95898;
1410.83789;
1409.71875;
1408.59766;
1407.47852;
1406.35742;
1405.23633;
1404.11523;
1402.99414;
1401.87305;
1400.75195;
1399.63086;
1398.50781;
1397.38672;
1396.26367;
1395.14063;
1394.01953;
1392.89648;
1391.77344;
1390.65039;
1389.52734;
1388.40234;
1387.2793;
1386.1543;
1385.03125;
1383.90625;
1382.78125;
1381.6582;
1380.5332;
1379.4082;
1378.2832;
1377.15625;
1376.03125;
1374.9043;
1373.7793;
1372.65234;
1371.52734;
1370.40039;
1369.27344;
1368.14648;
1367.01953;
1365.89258;
1364.76367;
1363.63672;
1362.50781;
1361.38086;
1360.25195;
1359.12305;
1357.99414;
1356.86523;
1355.73633;
1354.60742;
1353.47852;
1352.34766;
1351.21875;
1350.08789;
1348.95898;
1347.82813;
1346.69727;
1345.56641;
1344.43555;
1343.30469;
1342.17383;
1341.04102;
1339.91016;
1338.77734;
1337.64648;
1336.51367;
1335.38086;
1334.24805;
1333.11523;
1331.98242;
1330.84961;
1329.71484;
1328.58203;
1327.44727;
1326.31445;
1325.17969;
1324.04492;
1322.91016;
1321.77539;
1320.64063;
1319.50586;
1318.37109;
1317.23438;
1316.09961;
1314.96289;
1313.82617;
1312.69141;
1311.55469;
1310.41797;
1309.28125;
1308.14258;
1307.00586;
1305.86914;
1304.73047;
1303.59375;
1302.45508;
1301.31641;
1300.17773;
1299.03906;
1297.90039;
1296.76172;
1295.62305;
1294.48242;
1293.34375;
1292.20313;
1291.06445;
1289.92383;
1288.7832;
1287.64258;
1286.50195;
1285.36133;
1284.2207;
1283.07813;
1281.9375;
1280.79492;
1279.65234;
1278.51172;
1277.36914;
1276.22656;
1275.08398;
1273.94141;
1272.79688;
1271.6543;
1270.51172;
1269.36719;
1268.22266;
1267.08008;
1265.93555;
1264.79102;
1263.64648;
1262.50195;
1261.35547;
1260.21094;
1259.06641;
1257.91992;
1256.77344;
1255.62891;
1254.48242;
1253.33594;
1252.18945;
1251.04297;
1249.89648;
1248.74805;
1247.60156;
1246.45313;
1245.30664;
1244.1582;
1243.00977;
1241.86133;
1240.71289;
1239.56445;
1238.41602;
1237.26563;
1236.11719;
1234.9668;
1233.81836;
1232.66797;
1231.51758;
1230.36719;
1229.2168;
1228.06641;
1226.91602;
1225.76563;
1224.61328;
1223.46289;
1222.31055;
1221.1582;
1220.00586;
1218.85352;
1217.70117;
1216.54883;
1215.39648;
1214.24414;
1213.08984;
1211.9375;
1210.7832;
1209.62891;
1208.47656;
1207.32227;
1206.16797;
1205.01172;
1203.85742;
1202.70313;
1201.54883;
1200.39258;
1199.23633;
1198.08203;
1196.92578;
1195.76953;
1194.61328;
1193.45703;
1192.29883;
1191.14258;
1189.98633;
1188.82813;
1187.67188;
1186.51367;
1185.35547;
1184.19727;
1183.03906;
1181.88086;
1180.72266;
1179.5625;
1178.4043;
1177.24414;
1176.08594;
1174.92578;
1173.76563;
1172.60547;
1171.44531;
1170.28516;
1169.125;
1167.96289;
1166.80273;
1165.64063;
1164.48047;
1163.31836;
1162.15625;
1160.99414;
1159.83203;
1158.66992;
1157.50781;
1156.34375;
1155.18164;
1154.01758;
1152.85547;
1151.69141;
1150.52734;
1149.36328;
1148.19922;
1147.03516;
1145.87109;
1144.70508;
1143.54102;
1142.375;
1141.20898;
1140.04492;
1138.87891;
1137.71289;
1136.54688;
1135.38086;
1134.21289;
1133.04688;
1131.87891;
1130.71289;
1129.54492;
1128.37695;
1127.21094;
1126.04297;
1124.87305;
1123.70508;
1122.53711;
1121.36914;
1120.19922;
1119.0293;
1117.86133;
1116.69141;
1115.52148;
1114.35156;
1113.18164;
1112.01172;
1110.83984;
1109.66992;
1108.49805;
1107.32813;
1106.15625;
1104.98438;
1103.8125;
1102.64063;
1101.46875;
1100.29688;
1099.125;
1097.95117;
1096.7793;
1095.60547;
1094.43164;
1093.25781;
1092.08398;
1090.91016;
1089.73633;
1088.5625;
1087.38867;
1086.21289;
1085.03906;
1083.86328;
1082.6875;
1081.51172;
1080.33594;
1079.16016;
1077.98438;
1076.80859;
1075.63086;
1074.45508;
1073.27734;
1072.10156;
1070.92383;
1069.74609;
1068.56836;
1067.39063;
1066.21289;
1065.0332;
1063.85547;
1062.67773;
1061.49805;
1060.31836;
1059.13867;
1057.95898;
1056.7793;
1055.59961;
1054.41992;
1053.24023;
1052.05859;
1050.87891;
1049.69727;
1048.51563;
1047.33594;
1046.1543;
1044.9707;
1043.78906;
1042.60742;
1041.42578;
1040.24219;
1039.06055;
1037.87695;
1036.69336;
1035.50977;
1034.32617;
1033.14258;
1031.95898;
1030.77539;
1029.58984;
1028.40625;
1027.2207;
1026.03711;
1024.85156;
1023.66602;
1022.48047;
1021.29492;
1020.10742;
1018.92188;
1017.73633;
1016.54883;
1015.36328;
1014.17578;
1012.98828;
1011.80078;
1010.61328;
1009.42578;
1008.23828;
1007.04883;
1005.86133;
1004.67188;
1003.48242;
1002.29492;
1001.10547;
999.91602;
998.72656;
997.53516;
996.3457;
995.15625;
993.96484;
992.77539;
991.58398;
990.39258;
989.20117;
988.00977;
986.81836;
985.62695;
984.43359;
983.24219;
982.04883;
980.85742;
979.66406;
978.4707;
977.27734;
976.08398;
974.89063;
973.69727;
972.50195;
971.30859;
970.11328;
968.91797;
967.72461;
966.5293;
965.33398;
964.13867;
962.94141;
961.74609;
960.55078;
959.35352;
958.15625;
956.96094;
955.76367;
954.56641;
953.36914;
952.17188;
950.97266;
949.77539;
948.57813;
947.37891;
946.17969;
944.98047;
943.7832;
942.58398;
941.38281;
940.18359;
938.98438;
937.7832;
936.58398;
935.38281;
934.18359;
932.98242;
931.78125;
930.58008;
929.37891;
928.17578;
926.97461;
925.77148;
924.57031;
923.36719;
922.16406;
920.96094;
919.75781;
918.55469;
917.35156;
916.14844;
914.94336;
913.74023;
912.53516;
911.33008;
910.12695;
908.92188;
907.7168;
906.50977;
905.30469;
904.09961;
902.89258;
901.6875;
900.48047;
899.27344;
898.06641;
896.85938;
895.65234;
894.44531;
893.23828;
892.0293;
890.82227;
889.61328;
888.4043;
887.19531;
885.98633;
884.77734;
883.56836;
882.35938;
881.14844;
879.93945;
878.72852;
877.51953;
876.30859;
875.09766;
873.88672;
872.67578;
871.46289;
870.25195;
869.04102;
867.82813;
866.61523;
865.4043;
864.19141;
862.97852;
861.76563;
860.55273;
859.33789;
858.125;
856.91016;
855.69727;
854.48242;
853.26758;
852.05273;
850.83789;
849.62305;
848.4082;
847.19141;
845.97656;
844.75977;
843.54297;
842.32813;
841.11133;
839.89453;
838.67773;
837.45898;
836.24219;
835.02539;
833.80664;
832.58789;
831.37109;
830.15234;
828.93359;
827.71484;
826.49609;
825.27539;
824.05664;
822.83594;
821.61719;
820.39648;
819.17578;
817.95508;
816.73438;
815.51367;
814.29297;
813.07031;
811.84961;
810.62695;
809.40625;
808.18359;
806.96094;
805.73828;
804.51563;
803.29102;
802.06836;
800.8457;
799.62109;
798.39648;
797.17383;
795.94922;
794.72461;
793.5;
792.27344;
791.04883;
789.82422;
788.59766;
787.37305;
786.14648;
784.91992;
783.69336;
782.4668;
781.24023;
780.01172;
778.78516;
777.55859;
776.33008;
775.10156;
773.87305;
772.64453;
771.41602;
770.1875;
768.95898;
767.73047;
766.5;
765.27148;
764.04102;
762.81055;
761.58008;
760.34961;
759.11914;
757.88867;
756.65625;
755.42578;
754.19336;
752.96289;
751.73047;
750.49805;
749.26563;
748.0332;
746.80078;
745.56641;
744.33398;
743.09961;
741.86719;
740.63281;
739.39844;
738.16406;
736.92969;
735.69531;
734.46094;
733.22461;
731.99023;
730.75391;
729.51758;
728.28125;
727.04492;
725.80859;
724.57227;
723.33594;
722.09961;
720.86133;
719.62305;
718.38672;
717.14844;
715.91016;
714.67188;
713.43359;
712.19336;
710.95508;
709.7168;
708.47656;
707.23633;
705.99609;
704.75781;
703.51758;
702.27539;
701.03516;
699.79492;
698.55273;
697.3125;
696.07031;
694.82813;
693.58594;
692.34375;
691.10156;
689.85938;
688.61719;
687.37305;
686.12891;
684.88672;
683.64258;
682.39844;
681.1543;
679.91016;
678.66602;
677.41992;
676.17578;
674.92969;
673.68555;
672.43945;
671.19336;
669.94727;
668.70117;
667.45508;
666.20703;
664.96094;
663.71289;
662.4668;
661.21875;
659.9707;
658.72266;
657.47461;
656.22656;
654.97656;
653.72852;
652.47852;
651.23047;
649.98047;
648.73047;
647.48047;
646.23047;
644.98047;
643.72852;
642.47852;
641.22656;
639.97656;
638.72461;
637.47266;
636.2207;
634.96875;
633.7168;
632.46484;
631.21094;
629.95898;
628.70508;
627.45117;
626.19727;
624.94336;
623.68945;
622.43555;
621.18164;
619.92578;
618.67188;
617.41602;
616.16016;
614.9043;
613.64844;
612.39258;
611.13672;
609.88086;
608.62305;
607.36719;
606.10938;
604.85156;
603.59375;
602.33594;
601.07813;
599.82031;
598.5625;
597.30273;
596.04492;
594.78516;
593.52539;
592.26758;
591.00781;
589.74609;
588.48633;
587.22656;
585.96484;
584.70508;
583.44336;
582.18164;
580.92188;
579.66016;
578.39648;
577.13477;
575.87305;
574.60938;
573.34766;
572.08398;
570.82031;
569.55664;
568.29297;
567.0293;
565.76563;
564.50195;
563.23633;
561.97266;
560.70703;
559.44141;
558.17578;
556.91016;
555.64453;
554.37891;
553.11328;
551.8457;
550.57813;
549.3125;
548.04492;
546.77734;
545.50977;
544.24219;
542.97461;
541.70508;
540.4375;
539.16797;
537.89844;
536.63086;
535.36133;
534.0918;
532.82031;
531.55078;
530.28125;
529.00977;
527.74023;
526.46875;
525.19727;
523.92578;
522.6543;
521.38281;
520.11133;
518.83789;
517.56641;
516.29297;
515.01953;
513.74609;
512.47266;
511.19922;
509.92578;
508.65234;
507.37695;
506.10352;
504.82813;
503.55273;
502.2793;
501.00391;
499.72656;
498.45117;
497.17578;
495.89844;
494.62305;
493.3457;
492.06836;
490.79102;
489.51367;
488.23633;
486.95898;
485.68164;
484.40234;
483.125;
481.8457;
480.56641;
479.28711;
478.00781;
476.72852;
475.44922;
474.16797;
472.88867;
471.60742;
470.32617;
469.04688;
467.76563;
466.48438;
465.20117;
463.91992;
462.63867;
461.35547;
460.07422;
458.79102;
457.50781;
456.22461;
454.94141;
453.6582;
452.37305;
451.08984;
449.80469;
448.52148;
447.23633;
445.95117;
444.66602;
443.38086;
442.0957;
440.80859;
439.52344;
438.23633;
436.94922;
435.66406;
434.37695;
433.08984;
431.80078;
430.51367;
429.22656;
427.9375;
426.65039;
425.36133;
424.07227;
422.7832;
421.49414;
420.20508;
418.91406;
417.625;
416.33398;
415.04492;
413.75391;
412.46289;
411.17188;
409.88086;
408.58984;
407.29688;
406.00586;
404.71289;
403.42188;
402.12891;
400.83594;
399.54297;
398.25;
396.95508;
395.66211;
394.36914;
393.07422;
391.7793;
390.48438;
389.18945;
387.89453;
386.59961;
385.30469;
384.00781;
382.71289;
381.41602;
380.11914;
378.82227;
377.52539;
376.22852;
374.93164;
373.63477;
372.33594;
371.03906;
369.74023;
368.44141;
367.14258;
365.84375;
364.54492;
363.24609;
361.94531;
360.64648;
359.3457;
358.04492;
356.74414;
355.44336;
354.14258;
352.8418;
351.54102;
350.23828;
348.9375;
347.63477;
346.33203;
345.0293;
343.72656;
342.42383;
341.12109;
339.81641;
338.51367;
337.20898;
335.90625;
334.60156;
333.29688;
331.99219;
330.68555;
329.38086;
328.07617;
326.76953;
325.46289;
324.1582;
322.85156;
321.54492;
320.23828;
318.92969;
317.62305;
316.31445;
315.00781;
313.69922;
312.39063;
311.08203;
309.77344;
308.46484;
307.15625;
305.8457;
304.53711;
303.22656;
301.91602;
300.60547;
299.29492;
297.98438;
296.67383;
295.36328;
294.05078;
292.73828;
291.42773;
290.11523;
288.80273;
287.49023;
286.17773;
284.86328;
283.55078;
282.23633;
280.92383;
279.60938;
278.29492;
276.98047;
275.66602;
274.35156;
273.03516;
271.7207;
270.4043;
269.08789;
267.77148;
266.45703;
265.13867;
263.82227;
262.50586;
261.1875;
259.87109;
258.55273;
257.23438;
255.91797;
254.59766;
253.2793;
251.96094;
250.64258;
249.32227;
248.00391;
246.68359;
245.36328;
244.04297;
242.72266;
241.40234;
240.08008;
238.75977;
237.4375;
236.11719;
234.79492;
233.47266;
232.15039;
230.82813;
229.50391;
228.18164;
226.85742;
225.53516;
224.21094;
222.88672;
221.5625;
220.23828;
218.91406;
217.58789;
216.26367;
214.9375;
213.61328;
212.28711;
210.96094;
209.63477;
208.30664;
206.98047;
205.6543;
204.32617;
202.99805;
201.67188;
200.34375;
199.01563;
197.6875;
196.35742;
195.0293;
193.69922;
192.37109;
191.04102;
189.71094;
188.38086;
187.05078;
185.7207;
184.38867;
183.05859;
181.72656;
180.39648;
179.06445;
177.73242;
176.40039;
175.06836;
173.73438;
172.40234;
171.06836;
169.73633;
168.40234;
167.06836;
165.73438;
164.40039;
163.06445;
161.73047;
160.39648;
159.06055;
157.72461;
156.38867;
155.05273;
153.7168;
152.38086;
151.04492;
149.70703;
148.37109;
147.0332;
145.69531;
144.35742;
143.01953;
141.68164;
140.3418;
139.00391;
137.66406;
136.32617;
134.98633;
133.64648;
132.30664;
130.9668;
129.625;
128.28516;
126.94531;
125.60352;
124.26172;
122.91992;
121.57813;
120.23633;
118.89453;
117.55078;
116.20898;
114.86523;
113.52344;
112.17969;
110.83594;
109.49219;
108.14648;
106.80273;
105.45898;
104.11328;
102.76758;
101.42188;
